{
  "results": [
    {
      "command": "./target/release/arc-shell --smoke-exit",
      "mean": 2.01185808182,
      "stddev": 0.0012587838806639362,
      "median": 2.01168516142,
      "user": 0.005913979999999999,
      "system": 0.0051857199999999996,
      "min": 2.00994570192,
      "max": 2.01471041092,
      "times": [
        2.01146716092,
        2.00994570192,
        2.01160153592,
        2.01082086892,
        2.01165949492,
        2.01171082792,
        2.01288770292,
        2.01204716092,
        2.01471041092,
        2.01172995292
      ],
      "memory_usage_byte": [
        11501568,
        11501568,
        11501568,
        11501568,
        11501568,
        11501568,
        11501568,
        11501568,
        11517952,
        11517952
      ],
      "exit_codes": [
        0,
        0,
        0,
        0,
        0,
        0,
        0,
        0,
        0,
        0
      ]
    }
  ]
}
